FEN,Average Error,Event,Move,Best Move,Player,To Move,White,Black,Round,Result,WhiteElo,BlackElo,Opening,File
r1bqkbnr/1p1p1ppp/p1N1p3/8/4P3/3B4/PPP2PPP/RNBQK2R b KQkq - 0 6,6.033870967741933,FIDE World Championship Match 1969,b7c6,d7c6,Black,Black,"Spassky, Boris V.","Petrosian, Tigran V",1,0-1,N/A,N/A,"Sicilian Defense: Kan Variation, Modern Variation",analysis_pgns_test/4c6eS6SH---1969 Petrosian vs. Spassky .pgn
2bq1rk1/7p/2p2np1/3p4/2P5/1P1B3P/r2N1QP1/3R1RK1 b - - 0 21,4.332500000000001,FIDE World Championship Match 1969,d8e7,f6h5,Black,Black,"Spassky, Boris V.","Petrosian, Tigran V",1,0-1,N/A,N/A,"Sicilian Defense: Kan Variation, Modern Variation",analysis_pgns_test/4c6eS6SH---1969 Petrosian vs. Spassky .pgn
2b2rk1/4q2p/5np1/2pp4/2PQ4/1P1B3P/r2N2P1/3R1RK1 w - - 0 23,-5.211250000000001,FIDE World Championship Match 1969,d4f4,d4f2,White,White,"Spassky, Boris V.","Petrosian, Tigran V",1,0-1,N/A,N/A,"Sicilian Defense: Kan Variation, Modern Variation",analysis_pgns_test/4c6eS6SH---1969 Petrosian vs. Spassky .pgn
5rk1/1b2q2p/5np1/2pp4/2P2Q2/1P1B3P/r2N2P1/4RRK1 b - - 3 24,24.377173913043475,FIDE World Championship Match 1969,e7g7,f6h5,Black,Black,"Spassky, Boris V.","Petrosian, Tigran V",1,0-1,N/A,N/A,"Sicilian Defense: Kan Variation, Modern Variation",analysis_pgns_test/4c6eS6SH---1969 Petrosian vs. Spassky .pgn
5rk1/1b4qp/5np1/2p5/2Pp4/1P1BQ2P/r2N2P1/4RRK1 w - - 0 26,-8.043589743589745,FIDE World Championship Match 1969,e3e6,e3f4,White,White,"Spassky, Boris V.","Petrosian, Tigran V",1,0-1,N/A,N/A,"Sicilian Defense: Kan Variation, Modern Variation",analysis_pgns_test/4c6eS6SH---1969 Petrosian vs. Spassky .pgn
5rk1/1b3q1p/4Qnp1/2p5/2Pp4/1P1B3P/r2N2P1/4RRK1 w - - 2 27,-4.500652173913044,FIDE World Championship Match 1969,e6e2,f1f6,White,White,"Spassky, Boris V.","Petrosian, Tigran V",1,0-1,N/A,N/A,"Sicilian Defense: Kan Variation, Modern Variation",analysis_pgns_test/4c6eS6SH---1969 Petrosian vs. Spassky .pgn
5rk1/1b3q1p/5np1/2p5/2Pp4/1P1B3P/r2NQ1P1/4RRK1 b - - 3 27,4.913333333333332,FIDE World Championship Match 1969,f8e8,f7c7,Black,Black,"Spassky, Boris V.","Petrosian, Tigran V",1,0-1,N/A,N/A,"Sicilian Defense: Kan Variation, Modern Variation",analysis_pgns_test/4c6eS6SH---1969 Petrosian vs. Spassky .pgn
4r1k1/1b3q1p/5np1/2p5/2Pp4/1P1B3P/r2NQ1P1/4RRK1 w - - 4 28,-4.403714285714286,FIDE World Championship Match 1969,e2f2,e2e8,White,White,"Spassky, Boris V.","Petrosian, Tigran V",1,0-1,N/A,N/A,"Sicilian Defense: Kan Variation, Modern Variation",analysis_pgns_test/4c6eS6SH---1969 Petrosian vs. Spassky .pgn
4n1k1/1b5p/6p1/2p5/2Pp4/1P1B3P/r2N2P1/5RK1 w - - 0 31,-4.118571428571428,FIDE World Championship Match 1969,d3e4,f1f2,White,White,"Spassky, Boris V.","Petrosian, Tigran V",1,0-1,N/A,N/A,"Sicilian Defense: Kan Variation, Modern Variation",analysis_pgns_test/4c6eS6SH---1969 Petrosian vs. Spassky .pgn
8/6kp/2P3p1/3B1n2/1p1p4/7P/2r3P1/5RK1 w - - 1 37,-3.201304347826087,FIDE World Championship Match 1969,g2g4,d5e4,White,White,"Spassky, Boris V.","Petrosian, Tigran V",1,0-1,N/A,N/A,"Sicilian Defense: Kan Variation, Modern Variation",analysis_pgns_test/4c6eS6SH---1969 Petrosian vs. Spassky .pgn
8/3R3p/2r2kp1/8/1p2n1P1/1B5P/8/6K1 w - - 3 43,-3.3903448275862056,FIDE World Championship Match 1969,d7h7,d7b7,White,White,"Spassky, Boris V.","Petrosian, Tigran V",1,0-1,N/A,N/A,"Sicilian Defense: Kan Variation, Modern Variation",analysis_pgns_test/4c6eS6SH---1969 Petrosian vs. Spassky .pgn
8/7R/5kp1/2n5/1p4P1/1B5P/6K1/2r5 w - - 3 45,-3.7980769230769225,FIDE World Championship Match 1969,b3f7,h7f7,White,White,"Spassky, Boris V.","Petrosian, Tigran V",1,0-1,N/A,N/A,"Sicilian Defense: Kan Variation, Modern Variation",analysis_pgns_test/4c6eS6SH---1969 Petrosian vs. Spassky .pgn
8/8/5k2/2n4R/8/5K2/Bp6/2r5 w - - 1 52,-33.41730769230769,FIDE World Championship Match 1969,h5h6,f3e3,White,White,"Spassky, Boris V.","Petrosian, Tigran V",1,0-1,N/A,N/A,"Sicilian Defense: Kan Variation, Modern Variation",analysis_pgns_test/4c6eS6SH---1969 Petrosian vs. Spassky .pgn
r3r1k1/p2qbpp1/2p2n1p/3p4/8/1N2B1Pb/PP2PPBP/2RQ1RK1 w - - 0 17,-4.3968421052631586,FIDE World Championship Match 1969,d1d3,b3a5,White,White,"Petrosian, Tigran V","Spassky, Boris V.",2,1/2-1/2,N/A,N/A,"Tarrasch Defense: Classical Variation, Spassky Variation",analysis_pgns_test/4c6eS6SH---1969 Petrosian vs. Spassky .pgn
r3r1k1/3qbpp1/2p2n1p/3p4/p7/1N1QB1P1/PPR1PPKP/5R2 w - - 0 20,-4.727142857142857,FIDE World Championship Match 1969,b3d2,b3c5,White,White,"Petrosian, Tigran V","Spassky, Boris V.",2,1/2-1/2,N/A,N/A,"Tarrasch Defense: Classical Variation, Spassky Variation",analysis_pgns_test/4c6eS6SH---1969 Petrosian vs. Spassky .pgn
r3r1k1/1q2bpp1/2p2n1p/3p4/p7/3QB1P1/PPRNPPKP/5R2 w - - 2 21,-3.126041666666668,FIDE World Championship Match 1969,g2g1,e3d4,White,White,"Petrosian, Tigran V","Spassky, Boris V.",2,1/2-1/2,N/A,N/A,"Tarrasch Defense: Classical Variation, Spassky Variation",analysis_pgns_test/4c6eS6SH---1969 Petrosian vs. Spassky .pgn
2r1r1k1/1q2bpp1/2p2n1p/3p4/p7/3QB1P1/PPRNPP1P/5RK1 w - - 4 22,-3.095681818181818,FIDE World Championship Match 1969,f1c1,e3d4,White,White,"Petrosian, Tigran V","Spassky, Boris V.",2,1/2-1/2,N/A,N/A,"Tarrasch Defense: Classical Variation, Spassky Variation",analysis_pgns_test/4c6eS6SH---1969 Petrosian vs. Spassky .pgn
2r1rbk1/1q1n1pp1/7p/2pp4/8/1P1QBNP1/2R1PP1P/2R3K1 w - - 1 26,-3.001904761904762,FIDE World Championship Match 1969,c1a1,b3b4,White,White,"Petrosian, Tigran V","Spassky, Boris V.",2,1/2-1/2,N/A,N/A,"Tarrasch Defense: Classical Variation, Spassky Variation",analysis_pgns_test/4c6eS6SH---1969 Petrosian vs. Spassky .pgn
5bk1/5p2/2q3pp/2pp4/8/1PB3P1/4PP1P/3Q1K2 w - - 2 36,-3.142903225806451,FIDE World Championship Match 1969,f2f3,f1g1,White,White,"Petrosian, Tigran V","Spassky, Boris V.",2,1/2-1/2,N/A,N/A,"Tarrasch Defense: Classical Variation, Spassky Variation",analysis_pgns_test/4c6eS6SH---1969 Petrosian vs. Spassky .pgn
6k1/5p2/3bq1p1/2pp3p/8/1PB2PPP/4P1K1/3Q4 w - - 1 39,-8.814411764705882,FIDE World Championship Match 1969,d1d3,h3h4,White,White,"Petrosian, Tigran V","Spassky, Boris V.",2,1/2-1/2,N/A,N/A,"Tarrasch Defense: Classical Variation, Spassky Variation",analysis_pgns_test/4c6eS6SH---1969 Petrosian vs. Spassky .pgn
5k2/5p2/6p1/2ppq2p/7P/1P1Q1PP1/4P1K1/8 w - - 1 42,-10.4428,FIDE World Championship Match 1969,g2f1,g2f2,White,White,"Petrosian, Tigran V","Spassky, Boris V.",2,1/2-1/2,N/A,N/A,"Tarrasch Defense: Classical Variation, Spassky Variation",analysis_pgns_test/4c6eS6SH---1969 Petrosian vs. Spassky .pgn
8/4kp2/3q2p1/1Qpp3p/7P/1P3PP1/4PK2/8 w - - 7 45,-3.066086956521739,FIDE World Championship Match 1969,b5b7,b5a5,White,White,"Petrosian, Tigran V","Spassky, Boris V.",2,1/2-1/2,N/A,N/A,"Tarrasch Defense: Classical Variation, Spassky Variation",analysis_pgns_test/4c6eS6SH---1969 Petrosian vs. Spassky .pgn
8/2q2p2/5kp1/1Qpp3p/7P/1P3PP1/4PK2/8 w - - 11 47,-3.310000000000001,FIDE World Championship Match 1969,b5d3,b3b4,White,White,"Petrosian, Tigran V","Spassky, Boris V.",2,1/2-1/2,N/A,N/A,"Tarrasch Defense: Classical Variation, Spassky Variation",analysis_pgns_test/4c6eS6SH---1969 Petrosian vs. Spassky .pgn
8/2q2p2/5kp1/3p3p/2p4P/1P1Q1PP1/4PK2/8 w - - 0 48,-21.43913043478261,FIDE World Championship Match 1969,b3c4,d3d4,White,White,"Petrosian, Tigran V","Spassky, Boris V.",2,1/2-1/2,N/A,N/A,"Tarrasch Defense: Classical Variation, Spassky Variation",analysis_pgns_test/4c6eS6SH---1969 Petrosian vs. Spassky .pgn
8/2q2p2/4k1p1/7p/2p4P/2Q2PP1/4PK2/8 w - - 2 50,-13.013333333333335,FIDE World Championship Match 1969,f2e3,e2e3,White,White,"Petrosian, Tigran V","Spassky, Boris V.",2,1/2-1/2,N/A,N/A,"Tarrasch Defense: Classical Variation, Spassky Variation",analysis_pgns_test/4c6eS6SH---1969 Petrosian vs. Spassky .pgn
8/5p2/4k1p1/2q4p/2pQ3P/4KPP1/4P3/8 b - - 5 51,7.738695652173914,FIDE World Championship Match 1969,c5a3,c5e5,Black,Black,"Petrosian, Tigran V","Spassky, Boris V.",2,1/2-1/2,N/A,N/A,"Tarrasch Defense: Classical Variation, Spassky Variation",analysis_pgns_test/4c6eS6SH---1969 Petrosian vs. Spassky .pgn
8/5p2/4k1p1/q6p/2pQ3P/5PP1/2K1P3/8 b - - 9 53,27.509999999999994,FIDE World Championship Match 1969,a5b5,a5a4,Black,Black,"Petrosian, Tigran V","Spassky, Boris V.",2,1/2-1/2,N/A,N/A,"Tarrasch Defense: Classical Variation, Spassky Variation",analysis_pgns_test/4c6eS6SH---1969 Petrosian vs. Spassky .pgn
8/5p2/4k1p1/1q5p/2pQ3P/5PP1/2K1P3/8 w - - 10 54,-14.274374999999997,FIDE World Championship Match 1969,c2c3,e2e3,White,White,"Petrosian, Tigran V","Spassky, Boris V.",2,1/2-1/2,N/A,N/A,"Tarrasch Defense: Classical Variation, Spassky Variation",analysis_pgns_test/4c6eS6SH---1969 Petrosian vs. Spassky .pgn
8/5p2/4k1p1/7p/1qpQ3P/5PP1/2K1P3/8 b - - 15 56,30.777826086956527,FIDE World Championship Match 1969,b4a4,b4b3,Black,Black,"Petrosian, Tigran V","Spassky, Boris V.",2,1/2-1/2,N/A,N/A,"Tarrasch Defense: Classical Variation, Spassky Variation",analysis_pgns_test/4c6eS6SH---1969 Petrosian vs. Spassky .pgn
8/5p2/4k1p1/7p/q1pQ3P/2K2PP1/4P3/8 b - - 17 57,22.091,FIDE World Championship Match 1969,a4a5,a4a1,Black,Black,"Petrosian, Tigran V","Spassky, Boris V.",2,1/2-1/2,N/A,N/A,"Tarrasch Defense: Classical Variation, Spassky Variation",analysis_pgns_test/4c6eS6SH---1969 Petrosian vs. Spassky .pgn
8/5p2/4k1p1/q6p/2KQ3P/5PP1/4P3/8 b - - 0 58,44.934799999999996,FIDE World Championship Match 1969,a5c7,a5a6,Black,Black,"Petrosian, Tigran V","Spassky, Boris V.",2,1/2-1/2,N/A,N/A,"Tarrasch Defense: Classical Variation, Spassky Variation",analysis_pgns_test/4c6eS6SH---1969 Petrosian vs. Spassky .pgn
8/5p2/4k1p1/7p/3Q3P/3K1Pq1/4P3/8 w - - 0 60,-8.936451612903227,FIDE World Championship Match 1969,d4c4,d3d2,White,White,"Petrosian, Tigran V","Spassky, Boris V.",2,1/2-1/2,N/A,N/A,"Tarrasch Defense: Classical Variation, Spassky Variation",analysis_pgns_test/4c6eS6SH---1969 Petrosian vs. Spassky .pgn
8/5p2/5kp1/7p/2Q4P/3K1Pq1/4P3/8 w - - 2 61,-11.786785714285715,FIDE World Championship Match 1969,c4d4,d3d2,White,White,"Petrosian, Tigran V","Spassky, Boris V.",2,1/2-1/2,N/A,N/A,"Tarrasch Defense: Classical Variation, Spassky Variation",analysis_pgns_test/4c6eS6SH---1969 Petrosian vs. Spassky .pgn
r1r3k1/1p2ppbp/p2pb1p1/3n4/2P1P3/1P2BP2/P2KB1PP/2R4R w - - 0 16,-5.370499999999999,FIDE World Championship Match 1969,c4d5,e4d5,White,White,"Spassky, Boris V.","Petrosian, Tigran V",3,1/2-1/2,N/A,N/A,"Sicilian Defense: Accelerated Dragon, Maróczy Bind, Gurgenidze Variation",analysis_pgns_test/4c6eS6SH---1969 Petrosian vs. Spassky .pgn
4b3/1p2kp1p/pB1p2p1/3Pb3/P4P2/1P1B2P1/3K3P/8 b - - 0 27,3.491904761904762,FIDE World Championship Match 1969,e5g7,e5f6,Black,Black,"Spassky, Boris V.","Petrosian, Tigran V",3,1/2-1/2,N/A,N/A,"Sicilian Defense: Accelerated Dragon, Maróczy Bind, Gurgenidze Variation",analysis_pgns_test/4c6eS6SH---1969 Petrosian vs. Spassky .pgn
4b3/1p2kpbp/pB1p2p1/3P4/P4PP1/1P1B4/3K3P/8 b - - 0 28,6.077727272727273,FIDE World Championship Match 1969,e8d7,g7b2,Black,Black,"Spassky, Boris V.","Petrosian, Tigran V",3,1/2-1/2,N/A,N/A,"Sicilian Defense: Accelerated Dragon, Maróczy Bind, Gurgenidze Variation",analysis_pgns_test/4c6eS6SH---1969 Petrosian vs. Spassky .pgn
8/1p1bkpbp/pB1p2p1/3P4/P4PP1/1P1B3P/3K4/8 b - - 0 29,5.583846153846153,FIDE World Championship Match 1969,h7h5,g7a1,Black,Black,"Spassky, Boris V.","Petrosian, Tigran V",3,1/2-1/2,N/A,N/A,"Sicilian Defense: Accelerated Dragon, Maróczy Bind, Gurgenidze Variation",analysis_pgns_test/4c6eS6SH---1969 Petrosian vs. Spassky .pgn
8/1p1bkpb1/pB1p2p1/3P3p/P4PP1/1P5P/3KB3/8 b - - 1 30,5.566153846153847,FIDE World Championship Match 1969,h5g4,e7f8,Black,Black,"Spassky, Boris V.","Petrosian, Tigran V",3,1/2-1/2,N/A,N/A,"Sicilian Defense: Accelerated Dragon, Maróczy Bind, Gurgenidze Variation",analysis_pgns_test/4c6eS6SH---1969 Petrosian vs. Spassky .pgn
2rr2k1/pp2qpp1/2n2n1p/3p4/6b1/1NN1P1P1/PP2QPBP/2R1R1K1 w - - 3 19,-4.49547619047619,FIDE World Championship Match 1969,f2f3,e2f1,White,White,"Petrosian, Tigran V","Spassky, Boris V.",4,0-1,N/A,N/A,"Tarrasch Defense: Classical Variation, Spassky Variation",analysis_pgns_test/4c6eS6SH---1969 Petrosian vs. Spassky .pgn
2rr2k1/pp2qpp1/2n2n1p/3p4/6b1/1NN1PPP1/PP2Q1BP/2R1R1K1 b - - 0 19,3.8449999999999993,FIDE World Championship Match 1969,g4f5,g4e6,Black,Black,"Petrosian, Tigran V","Spassky, Boris V.",4,0-1,N/A,N/A,"Tarrasch Defense: Classical Variation, Spassky Variation",analysis_pgns_test/4c6eS6SH---1969 Petrosian vs. Spassky .pgn
4r1k1/pp2qppb/1r3n1p/3p4/3n2P1/1P2PPN1/P2Q2BP/3RR1K1 w - - 0 29,-4.906666666666666,FIDE World Championship Match 1969,e3d4,d2d4,White,White,"Petrosian, Tigran V","Spassky, Boris V.",4,0-1,N/A,N/A,"Tarrasch Defense: Classical Variation, Spassky Variation",analysis_pgns_test/4c6eS6SH---1969 Petrosian vs. Spassky .pgn
4r1k1/pp2qppb/4rn1p/3p4/3P2P1/1P3PN1/P2Q2BP/3RR1K1 w - - 1 30,-4.869512195121951,FIDE World Championship Match 1969,e1e6,g1f2,White,White,"Petrosian, Tigran V","Spassky, Boris V.",4,0-1,N/A,N/A,"Tarrasch Defense: Classical Variation, Spassky Variation",analysis_pgns_test/4c6eS6SH---1969 Petrosian vs. Spassky .pgn
4r1k1/pp3pp1/4qnbp/3p4/3P2P1/1P3PN1/P2Q2BP/2R3K1 w - - 2 32,-4.698222222222221,FIDE World Championship Match 1969,g2f1,h2h4,White,White,"Petrosian, Tigran V","Spassky, Boris V.",4,0-1,N/A,N/A,"Tarrasch Defense: Classical Variation, Spassky Variation",analysis_pgns_test/4c6eS6SH---1969 Petrosian vs. Spassky .pgn
4r1k1/pp3pp1/4q1np/2Rp4/P2P1QP1/1P3PN1/7P/1b3BK1 w - - 1 36,-24.518139534883716,FIDE World Championship Match 1969,f4d2,f4c1,White,White,"Petrosian, Tigran V","Spassky, Boris V.",4,0-1,N/A,N/A,"Tarrasch Defense: Classical Variation, Spassky Variation",analysis_pgns_test/4c6eS6SH---1969 Petrosian vs. Spassky .pgn
4r1k1/pp3pp1/5qnp/2Rp4/P2P2P1/1P3PN1/3Q3P/1b3BK1 w - - 3 37,-3.9154166666666654,FIDE World Championship Match 1969,g1f2,f1b5,White,White,"Petrosian, Tigran V","Spassky, Boris V.",4,0-1,N/A,N/A,"Tarrasch Defense: Classical Variation, Spassky Variation",analysis_pgns_test/4c6eS6SH---1969 Petrosian vs. Spassky .pgn
4r1k1/pp3pp1/5q1p/2Rp4/P2P1nP1/1P3PN1/3Q1K1P/1b3B2 w - - 5 38,-18.00560975609756,FIDE World Championship Match 1969,a4a5,c5c3,White,White,"Petrosian, Tigran V","Spassky, Boris V.",4,0-1,N/A,N/A,"Tarrasch Defense: Classical Variation, Spassky Variation",analysis_pgns_test/4c6eS6SH---1969 Petrosian vs. Spassky .pgn
4r1k1/pp3pp1/7p/P1Rp1Nq1/3P1nP1/1P1b1P2/3Q1K1P/5B2 w - - 3 40,-23.23789473684211,FIDE World Championship Match 1969,f5e3,d2d1,White,White,"Petrosian, Tigran V","Spassky, Boris V.",4,0-1,N/A,N/A,"Tarrasch Defense: Classical Variation, Spassky Variation",analysis_pgns_test/4c6eS6SH---1969 Petrosian vs. Spassky .pgn
r1bqk2r/pp3ppp/4p3/3N4/3n4/6P1/PP1QPPBP/R3K2R b KQkq - 0 11,3.3936111111111114,FIDE World Championship Match 1986,d4c6,e6e5,Black,Black,"Kasparov, Garry","Karpov, Anatoly",2,1/2-1/2,2740,2705,Nimzo-Indian Defense: Three Knights Variation,analysis_pgns_test/4S5UuAGn---1986 Karpov vs. Kasparov III.pgn
r1bqk2r/pp3ppp/2n1p3/3N4/8/6P1/PP1QPPBP/R3K2R w KQkq - 1 12,-3.9090909090909083,FIDE World Championship Match 1986,d5f4,d2e3,White,White,"Kasparov, Garry","Karpov, Anatoly",2,1/2-1/2,2740,2705,Nimzo-Indian Defense: Three Knights Variation,analysis_pgns_test/4S5UuAGn---1986 Karpov vs. Kasparov III.pgn
1rrn4/pp1bkppp/4p3/4N3/8/2R3P1/PP1KPPBP/2R5 b - - 14 20,3.0684000000000005,FIDE World Championship Match 1986,c8c3,f7f6,Black,Black,"Kasparov, Garry","Karpov, Anatoly",2,1/2-1/2,2740,2705,Nimzo-Indian Defense: Three Knights Variation,analysis_pgns_test/4S5UuAGn---1986 Karpov vs. Kasparov III.pgn
8/7R/3nk3/4p2p/1P4p1/P2KN1P1/5r1P/8 b - - 6 44,3.8176000000000005,FIDE World Championship Match 1986,e5e4,f2h2,Black,Black,"Kasparov, Garry","Karpov, Anatoly",2,1/2-1/2,2740,2705,Nimzo-Indian Defense: Three Knights Variation,analysis_pgns_test/4S5UuAGn---1986 Karpov vs. Kasparov III.pgn
r3n3/p1Rbk3/1p2p2p/3p1pp1/3P3P/1P1BPPP1/P4K2/6N1 w - - 3 34,-4.144848484848485,FIDE World Championship Match 1986,c7c1,c7c2,White,White,"Karpov, Anatoly","Kasparov, Garry",3,1/2-1/2,2705,2740,"King's Indian Defense: Normal Variation, King's Knight Variation",analysis_pgns_test/4S5UuAGn---1986 Karpov vs. Kasparov III.pgn
2r1n3/p2bk3/1p2p2p/3p1pp1/3P3P/1P1BPPP1/P4K2/2R3N1 w - - 5 35,-3.5397142857142856,FIDE World Championship Match 1986,c1c8,g1e2,White,White,"Karpov, Anatoly","Kasparov, Garry",3,1/2-1/2,2705,2740,"King's Indian Defense: Normal Variation, King's Knight Variation",analysis_pgns_test/4S5UuAGn---1986 Karpov vs. Kasparov III.pgn
r1bq1rk1/pp3ppp/2n1pn2/3P4/3N4/1QP3P1/P3PPBP/R1B1K2R b KQ - 0 10,4.350882352941176,FIDE World Championship Match 1986,c6a5,e6d5,Black,Black,"Kasparov, Garry","Karpov, Anatoly",4,1-0,2740,2705,Nimzo-Indian Defense: Three Knights Variation,analysis_pgns_test/4S5UuAGn---1986 Karpov vs. Kasparov III.pgn
2rq1rk1/pp1bnppp/4p3/n7/2P5/1N1Q2P1/P3PPBP/R1B2RK1 b - - 4 15,4.14625,FIDE World Championship Match 1986,a5c4,e7c6,Black,Black,"Kasparov, Garry","Karpov, Anatoly",4,1-0,2740,2705,Nimzo-Indian Defense: Three Knights Variation,analysis_pgns_test/4S5UuAGn---1986 Karpov vs. Kasparov III.pgn
2rq1rk1/pB1bnppp/4p3/8/2n5/1N1Q2P1/P3PP1P/R1B2RK1 b - - 0 16,3.466666666666667,FIDE World Championship Match 1986,c8c7,c4e5,Black,Black,"Kasparov, Garry","Karpov, Anatoly",4,1-0,2740,2705,Nimzo-Indian Defense: Three Knights Variation,analysis_pgns_test/4S5UuAGn---1986 Karpov vs. Kasparov III.pgn
3q1rk1/p1rbnppp/B3p3/4n3/8/1N1Q2P1/P3PP1P/R1B2RK1 w - - 3 18,-4.131956521739131,FIDE World Championship Match 1986,d3e3,d3e4,White,White,"Kasparov, Garry","Karpov, Anatoly",4,1-0,2740,2705,Nimzo-Indian Defense: Three Knights Variation,analysis_pgns_test/4S5UuAGn---1986 Karpov vs. Kasparov III.pgn
3q1rk1/p1rbnppp/B3p3/4n3/8/1N2Q1P1/P3PP1P/R1B2RK1 b - - 4 18,3.700000000000001,FIDE World Championship Match 1986,e5c4,f7f6,Black,Black,"Kasparov, Garry","Karpov, Anatoly",4,1-0,2740,2705,Nimzo-Indian Defense: Three Knights Variation,analysis_pgns_test/4S5UuAGn---1986 Karpov vs. Kasparov III.pgn
3q1rk1/p1rbnppp/B3p3/8/2n5/1N2Q1P1/P3PP1P/R1B2RK1 w - - 5 19,-3.7883783783783787,FIDE World Championship Match 1986,e3e4,e3d3,White,White,"Kasparov, Garry","Karpov, Anatoly",4,1-0,2740,2705,Nimzo-Indian Defense: Three Knights Variation,analysis_pgns_test/4S5UuAGn---1986 Karpov vs. Kasparov III.pgn
3q1rk1/p1rbnppp/B3p3/8/2n1Q3/1N4P1/P3PP1P/R1B2RK1 b - - 6 19,3.757142857142857,FIDE World Championship Match 1986,c4d6,d8a8,Black,Black,"Kasparov, Garry","Karpov, Anatoly",4,1-0,2740,2705,Nimzo-Indian Defense: Three Knights Variation,analysis_pgns_test/4S5UuAGn---1986 Karpov vs. Kasparov III.pgn
3q1rk1/p1rbnppp/B2np3/8/4Q3/1N4P1/P3PP1P/R1B2RK1 w - - 7 20,-4.169230769230769,FIDE World Championship Match 1986,e4d3,e4e5,White,White,"Kasparov, Garry","Karpov, Anatoly",4,1-0,2740,2705,Nimzo-Indian Defense: Three Knights Variation,analysis_pgns_test/4S5UuAGn---1986 Karpov vs. Kasparov III.pgn
3q1rk1/p1rbnppp/B2np3/8/8/1N1Q2P1/P3PP1P/R1B2RK1 b - - 8 20,3.7807894736842087,FIDE World Championship Match 1986,c7c6,d7c8,Black,Black,"Kasparov, Garry","Karpov, Anatoly",4,1-0,2740,2705,Nimzo-Indian Defense: Three Knights Variation,analysis_pgns_test/4S5UuAGn---1986 Karpov vs. Kasparov III.pgn
2bq1rk1/p3nppp/B1rnp3/8/8/BN1Q2P1/P3PP1P/R4RK1 w - - 11 22,-3.432765957446808,FIDE World Championship Match 1986,a6c8,a6b5,White,White,"Kasparov, Garry","Karpov, Anatoly",4,1-0,2740,2705,Nimzo-Indian Defense: Three Knights Variation,analysis_pgns_test/4S5UuAGn---1986 Karpov vs. Kasparov III.pgn
2n2rk1/p3nppp/2r1p3/8/8/BN1R2P1/P3PP1P/R5K1 b - - 0 24,6.2407692307692315,FIDE World Championship Match 1986,f8e8,h7h5,Black,Black,"Kasparov, Garry","Karpov, Anatoly",4,1-0,2740,2705,Nimzo-Indian Defense: Three Knights Variation,analysis_pgns_test/4S5UuAGn---1986 Karpov vs. Kasparov III.pgn
2n1r1k1/p3nppp/2r1p3/8/8/BN1R2P1/P3PP1P/3R2K1 b - - 2 25,6.5159259259259255,FIDE World Championship Match 1986,f7f6,e7d5,Black,Black,"Kasparov, Garry","Karpov, Anatoly",4,1-0,2740,2705,Nimzo-Indian Defense: Three Knights Variation,analysis_pgns_test/4S5UuAGn---1986 Karpov vs. Kasparov III.pgn
2n1r1k1/p3n1pp/2r1pp2/8/3N4/B2R2P1/P3PP1P/3R2K1 b - - 1 26,4.532592592592592,FIDE World Championship Match 1986,c6b6,c6c4,Black,Black,"Kasparov, Garry","Karpov, Anatoly",4,1-0,2740,2705,Nimzo-Indian Defense: Three Knights Variation,analysis_pgns_test/4S5UuAGn---1986 Karpov vs. Kasparov III.pgn
2n1r1k1/p3n1pp/r3pp2/1NB5/8/3R2P1/P3PP1P/3R2K1 b - - 5 28,4.07,FIDE World Championship Match 1986,a6c6,e7d5,Black,Black,"Kasparov, Garry","Karpov, Anatoly",4,1-0,2740,2705,Nimzo-Indian Defense: Three Knights Variation,analysis_pgns_test/4S5UuAGn---1986 Karpov vs. Kasparov III.pgn
4r1k1/p2Rn1pp/2r1pp2/1N6/8/6P1/P3PP1P/3R2K1 b - - 1 30,4.451999999999999,FIDE World Championship Match 1986,e7g6,e7d5,Black,Black,"Kasparov, Garry","Karpov, Anatoly",4,1-0,2740,2705,Nimzo-Indian Defense: Three Knights Variation,analysis_pgns_test/4S5UuAGn---1986 Karpov vs. Kasparov III.pgn
4rnk1/R5pp/2r1pp2/1N6/P7/6P1/4PP1P/3R2K1 b - - 0 32,3.862499999999999,FIDE World Championship Match 1986,e8b8,c6c2,Black,Black,"Kasparov, Garry","Karpov, Anatoly",4,1-0,2740,2705,Nimzo-Indian Defense: Three Knights Variation,analysis_pgns_test/4S5UuAGn---1986 Karpov vs. Kasparov III.pgn
1r3nk1/R5pp/2r1pp2/1N6/P7/4P1P1/5P1P/3R2K1 b - - 0 33,3.693461538461539,FIDE World Championship Match 1986,h7h5,c6c2,Black,Black,"Kasparov, Garry","Karpov, Anatoly",4,1-0,2740,2705,Nimzo-Indian Defense: Three Knights Variation,analysis_pgns_test/4S5UuAGn---1986 Karpov vs. Kasparov III.pgn
1r3nk1/R5p1/2r1pp2/1N5p/P7/4P1P1/5PKP/3R4 b - - 1 34,3.698518518518519,FIDE World Championship Match 1986,e6e5,c6c2,Black,Black,"Kasparov, Garry","Karpov, Anatoly",4,1-0,2740,2705,Nimzo-Indian Defense: Three Knights Variation,analysis_pgns_test/4S5UuAGn---1986 Karpov vs. Kasparov III.pgn
1r3nk1/R5p1/2r2p2/1N2p2p/P7/3RP1P1/5PKP/8 b - - 1 35,3.4382758620689664,FIDE World Championship Match 1986,g8h7,f8e6,Black,Black,"Kasparov, Garry","Karpov, Anatoly",4,1-0,2740,2705,Nimzo-Indian Defense: Three Knights Variation,analysis_pgns_test/4S5UuAGn---1986 Karpov vs. Kasparov III.pgn
1r3n2/R5pk/2r2p2/1N2p2p/P7/2R1P1P1/5PKP/8 b - - 3 36,4.881153846153847,FIDE World Championship Match 1986,b8c8,c6b6,Black,Black,"Kasparov, Garry","Karpov, Anatoly",4,1-0,2740,2705,Nimzo-Indian Defense: Three Knights Variation,analysis_pgns_test/4S5UuAGn---1986 Karpov vs. Kasparov III.pgn
8/R5pk/2r1np2/3Np2p/P7/4P1P1/5PKP/8 b - - 3 39,4.064166666666666,FIDE World Championship Match 1986,h7h6,e6c5,Black,Black,"Kasparov, Garry","Karpov, Anatoly",4,1-0,2740,2705,Nimzo-Indian Defense: Three Knights Variation,analysis_pgns_test/4S5UuAGn---1986 Karpov vs. Kasparov III.pgn
8/R5p1/2r1np1k/P2Np2p/8/4P1P1/5PKP/8 b - - 0 40,4.084,FIDE World Championship Match 1986,e5e4,c6c5,Black,Black,"Kasparov, Garry","Karpov, Anatoly",4,1-0,2740,2705,Nimzo-Indian Defense: Three Knights Variation,analysis_pgns_test/4S5UuAGn---1986 Karpov vs. Kasparov III.pgn
rnb1k2r/pp2ppbp/6p1/2PP4/5B2/2n1P3/qP1Q1PPP/2R1KBNR w Kkq - 0 10,-9.037567567567567,FIDE World Championship Match 1986,b2c3,c1c3,White,White,"Karpov, Anatoly","Kasparov, Garry",5,1-0,2705,2740,Grünfeld Defense: Brinckmann Attack,analysis_pgns_test/4S5UuAGn---1986 Karpov vs. Kasparov III.pgn
rnb1k2r/pp2ppbp/6p1/2PP4/5B2/2P1P3/q2Q1PPP/2R1KBNR b Kkq - 0 10,7.774651162790695,FIDE World Championship Match 1986,a2d2,a2a5,Black,Black,"Karpov, Anatoly","Kasparov, Garry",5,1-0,2705,2740,Grünfeld Defense: Brinckmann Attack,analysis_pgns_test/4S5UuAGn---1986 Karpov vs. Kasparov III.pgn
2r3k1/3b2b1/3Pp2p/2p1Ppp1/2P2B1P/r2N1P2/p2K2P1/R3R3 w - - 0 26,-3.3600000000000008,FIDE World Championship Match 1986,h4g5,f4e3,White,White,"Karpov, Anatoly","Kasparov, Garry",5,1-0,2705,2740,Grünfeld Defense: Brinckmann Attack,analysis_pgns_test/4S5UuAGn---1986 Karpov vs. Kasparov III.pgn
2r3k1/3b2b1/3Pp2p/2p1PpP1/2P2B2/r2N1P2/p2K2P1/R3R3 b - - 0 26,3.83,FIDE World Championship Match 1986,h6g5,c8b8,Black,Black,"Karpov, Anatoly","Kasparov, Garry",5,1-0,2705,2740,Grünfeld Defense: Brinckmann Attack,analysis_pgns_test/4S5UuAGn---1986 Karpov vs. Kasparov III.pgn
2r3k1/3b2b1/3Pp3/2p1PpB1/2P5/r2N1P2/p2K2P1/R3R3 b - - 0 27,3.1827586206896545,FIDE World Championship Match 1986,g8f7,c8b8,Black,Black,"Karpov, Anatoly","Kasparov, Garry",5,1-0,2705,2740,Grünfeld Defense: Brinckmann Attack,analysis_pgns_test/4S5UuAGn---1986 Karpov vs. Kasparov III.pgn
2r5/3b1kb1/3Pp3/2p1Pp2/2P2B2/r2N1P2/p2K2P1/R3R3 b - - 2 28,3.3033333333333332,FIDE World Championship Match 1986,c8b8,c8h8,Black,Black,"Karpov, Anatoly","Kasparov, Garry",5,1-0,2705,2740,Grünfeld Defense: Brinckmann Attack,analysis_pgns_test/4S5UuAGn---1986 Karpov vs. Kasparov III.pgn
1r6/3b1kb1/3Pp3/2p1Pp2/2P2B2/r2N1P2/p2K2P1/R1R5 b - - 4 29,4.172777777777777,FIDE World Championship Match 1986,d7c6,b8b6,Black,Black,"Karpov, Anatoly","Kasparov, Garry",5,1-0,2705,2740,Grünfeld Defense: Brinckmann Attack,analysis_pgns_test/4S5UuAGn---1986 Karpov vs. Kasparov III.pgn
1r6/5kb1/2bPp3/2p1Pp2/2P2B2/r1RN1P2/p2K2P1/R7 b - - 6 30,5.782820512820513,FIDE World Championship Match 1986,a3a5,a3a4,Black,Black,"Karpov, Anatoly","Kasparov, Garry",5,1-0,2705,2740,Grünfeld Defense: Brinckmann Attack,analysis_pgns_test/4S5UuAGn---1986 Karpov vs. Kasparov III.pgn
